Location,Rack,Column,Row,Location Type,Status,Location height,Item height,Beam type,Beam column count,Delta,Slot Height Group
A0001,A,00,01,A-stelling,Occupied,234,95,Large,4,139,Group 4
A0101,A,01,01,A-stelling,Occupied,234,192,Large,4,42,Group 4
A0201,A,02,01,A-stelling,Occupied,234,197,Large,4,37,Group 4
A0301,A,03,01,A-stelling,Occupied,234,197,Large,4,37,Group 4
A0401,A,04,01,A-stelling,Occupied,234,200,Medium,3,34,Group 4
A0601,A,06,01,Cabinet Frame,Occupied,234,197,Medium,3,37,Group 4
A0701,A,07,01,Pallet,Occupied,234,222,Medium,3,12,Group 4
A0801,A,08,01,Pallet,Occupied,234,232,Medium,3,2,Group 4
A0901,A,09,01,Cabinet Frame,Occupied,234,200,Medium,3,34,Group 4
A1001,A,10,01,A-stelling,Occupied,234,229,Medium,3,5,Group 4
A1101,A,11,01,A-stelling,Occupied,234,229,Medium,3,5,Group 4
A1201,A,12,01,Cabinet Frame,Occupied,234,200,Medium,3,34,Group 4
A1301,A,13,01,Pallet,Occupied,234,132,Medium,3,102,Group 4
A1401,A,14,01,Pallet,Occupied,234,143,Medium,3,91,Group 4
A1501,A,15,01,Pallet,Occupied,234,161,Medium,3,73,Group 4
A0002,A,00,02,Cabinet Frame,Occupied,234,197,Large,4,37,Group 4
A0102,A,01,02,Cabinet Frame,Occupied,234,197,Large,4,37,Group 4
A0202,A,02,02,Cabinet Frame,Occupied,234,197,Large,4,37,Group 4
A0302,A,03,02,Cabinet Frame,Occupied,234,197,Large,4,37,Group 4
A0402,A,04,02,Cabinet Frame,Occupied,234,197,Medium,3,37,Group 4
A0502,A,05,02,Cabinet Frame,Occupied,234,197,Medium,3,37,Group 4
A0602,A,06,02,Cabinet Frame,Occupied,234,197,Medium,3,37,Group 4
A0802,A,08,02,Cabinet Frame,Occupied,234,197,Medium,3,37,Group 4
A0902,A,09,02,Cabinet Frame,Occupied,234,197,Medium,3,37,Group 4
A1002,A,10,02,Cabinet Frame,Occupied,234,197,Medium,3,37,Group 4
A1102,A,11,02,Cabinet Frame,Occupied,234,197,Medium,3,37,Group 4
A1202,A,12,02,Pallet,Occupied,234,197,Medium,3,37,Group 4
A1302,A,13,02,Pallet,Occupied,234,88,Medium,3,146,Group 4
A1402,A,14,02,Pallet,Occupied,234,109,Medium,3,125,Group 4
A0003,A,00,03,Pallet,Occupied,94,88,Large,4,6,Group 2
A0103,A,01,03,Pallet,Occupied,94,88,Large,4,6,Group 2
A0203,A,02,03,Pallet,Occupied,94,88,Large,4,6,Group 2
A0303,A,03,03,Pallet,Occupied,94,67,Large,4,27,Group 2
A0403,A,04,03,Pallet,Occupied,94,65,Medium,3,29,Group 2
A0503,A,05,03,Pallet,Occupied,94,26,Medium,3,68,Group 2
A0603,A,06,03,Pallet,Occupied,94,48,Medium,3,46,Group 2
A0703,A,07,03,Pallet,Occupied,94,38,Medium,3,56,Group 2
A0903,A,09,03,Pallet,Occupied,94,29,Medium,3,65,Group 2
A1003,A,10,03,Pallet,Occupied,94,81,Medium,3,13,Group 2
A1103,A,11,03,Pallet,Occupied,94,69,Medium,3,25,Group 2
A1303,A,13,03,Pallet,Occupied,94,73,Medium,3,21,Group 2
A1403,A,14,03,Pallet,Occupied,94,68,Medium,3,26,Group 2
A0004,A,00,04,Pallet,Occupied,129,88,Large,4,41,Group 3
A0104,A,01,04,Pallet,Occupied,129,88,Large,4,41,Group 3
A0204,A,02,04,Pallet,Occupied,129,88,Large,4,41,Group 3
A0304,A,03,04,Pallet,Occupied,129,116,Large,4,13,Group 3
A0404,A,04,04,Pallet,Occupied,129,81,Medium,3,48,Group 3
A0504,A,05,04,Pallet,Occupied,129,81,Medium,3,48,Group 3
A0604,A,06,04,Pallet,Occupied,129,102,Medium,3,27,Group 3
A0804,A,08,04,Pallet,Occupied,129,62,Medium,3,67,Group 3
A1004,A,10,04,Pallet,Occupied,129,16,Medium,3,113,Group 3
A1104,A,11,04,Pallet,Occupied,129,16,Medium,3,113,Group 3
A1204,A,12,04,Pallet,Occupied,129,91,Medium,3,38,Group 3
A1304,A,13,04,Pallet,Occupied,129,96,Medium,3,33,Group 3
A1404,A,14,04,Pallet,Occupied,129,15,Medium,3,114,Group 3
A1504,A,15,04,Pallet,Occupied,129,53,Medium,3,76,Group 3
B0001,B,00,01,A-stelling,Occupied,234,229,Large,4,5,Group 4
B0101,B,01,01,A-stelling,Occupied,234,229,Large,4,5,Group 4
B0201,B,02,01,A-stelling,Occupied,234,197,Large,4,37,Group 4
B0301,B,03,01,Cabinet Frame,Occupied,234,229,Large,4,5,Group 4
B0401,B,04,01,Cabinet Frame,Occupied,234,197,Medium,3,37,Group 4
B0901,B,09,01,Pallet,Occupied,234,120,Medium,3,114,Group 4
B1001,B,10,01,A-stelling,Occupied,234,202,Medium,3,32,Group 4
B1201,B,12,01,Pallet,Occupied,234,172,Medium,3,62,Group 4
B1301,B,13,01,Pallet,Occupied,234,175,Medium,3,59,Group 4
B1401,B,14,01,Pallet,Occupied,234,117,Medium,3,117,Group 4
B1501,B,15,01,Pallet,Occupied,234,200,Medium,3,34,Group 4
B1601,B,16,01,Pallet,Occupied,234,71,Medium,3,163,Group 4
B1701,B,17,01,Pallet,Occupied,234,139,Medium,3,95,Group 4
B1801,B,18,01,Pallet,Occupied,234,114,Medium,3,120,Group 4
B0002,B,00,02,Cabinet Frame,Occupied,234,196,Large,4,38,Group 4
B0102,B,01,02,Cabinet Frame,Occupied,234,196,Large,4,38,Group 4
B0202,B,02,02,Cabinet Frame,Occupied,234,196,Large,4,38,Group 4
B0302,B,03,02,Cabinet Frame,Occupied,234,196,Large,4,38,Group 4
B0702,B,07,02,Pallet,Occupied,234,160,Medium,3,74,Group 4
B0802,B,08,02,Pallet,Occupied,234,160,Medium,3,74,Group 4
B0902,B,09,02,Pallet,Occupied,234,160,Medium,3,74,Group 4
B1402,B,14,02,Pallet,Occupied,234,218,Medium,3,16,Group 4
B1502,B,15,02,Pallet,Occupied,234,218,Medium,3,16,Group 4
B1602,B,16,02,Pallet,Occupied,234,198,Medium,3,36,Group 4
B1702,B,17,02,Pallet,Occupied,234,196,Medium,3,38,Group 4
B1802,B,18,02,Pallet,Occupied,234,199,Medium,3,35,Group 4
B1902,B,19,02,Pallet,Occupied,234,141,Medium,3,93,Group 4
B2002,B,20,02,Pallet,Occupied,234,141,Medium,3,93,Group 4
B0303,B,03,03,Pallet,Occupied,94,90,Large,4,4,Group 2
B0403,B,04,03,Pallet,Occupied,94,33,Medium,3,61,Group 2
B0603,B,06,03,Pallet,Occupied,94,49,Medium,3,45,Group 2
B0703,B,07,03,Pallet,Occupied,94,28,Medium,3,66,Group 2
B0803,B,08,03,Pallet,Occupied,94,62,Medium,3,32,Group 2
B0903,B,09,03,Pallet,Occupied,94,48,Medium,3,46,Group 2
B1003,B,10,03,Pallet,Occupied,94,47,Medium,3,47,Group 2
B1103,B,11,03,Pallet,Occupied,94,39,Medium,3,55,Group 2
B1203,B,12,03,Pallet,Occupied,94,27,Medium,3,67,Group 2
B1303,B,13,03,Pallet,Occupied,94,76,Medium,3,18,Group 2
B1403,B,14,03,Pallet,Occupied,94,38,Medium,3,56,Group 2
B0004,B,00,04,Pallet,Occupied,129,102,Large,4,27,Group 3
B0104,B,01,04,Pallet,Occupied,129,102,Large,4,27,Group 3
B0204,B,02,04,Pallet,Occupied,129,110,Large,4,19,Group 3
B0304,B,03,04,Pallet,Occupied,129,125,Large,4,4,Group 3
B0404,B,04,04,Pallet,Occupied,129,76,Medium,3,53,Group 3
B0504,B,05,04,Pallet,Occupied,129,73,Medium,3,56,Group 3
B0704,B,07,04,Pallet,Occupied,129,72,Medium,3,57,Group 3
B0804,B,08,04,Pallet,Occupied,129,76,Medium,3,53,Group 3
B0904,B,09,04,Pallet,Occupied,129,76,Medium,3,53,Group 3
B1004,B,10,04,Pallet,Occupied,129,55,Medium,3,74,Group 3
B1104,B,11,04,Pallet,Occupied,129,106,Medium,3,23,Group 3
B1204,B,12,04,Pallet,Occupied,129,120,Medium,3,9,Group 3
B1304,B,13,04,Pallet,Occupied,129,55,Medium,3,74,Group 3
B1404,B,14,04,Pallet,Occupied,129,76,Medium,3,53,Group 3
B1504,B,15,04,Pallet,Occupied,129,46,Medium,3,83,Group 3
B1604,B,16,04,Pallet,Occupied,129,44,Medium,3,85,Group 3
B1704,B,17,04,Pallet,Occupied,129,44,Medium,3,85,Group 3
B1804,B,18,04,Pallet,Occupied,129,44,Medium,3,85,Group 3
B1901a,B,19,1a,Pallet,Occupied,94,55,Small,2,39,Group 2
B2001a,B,20,1a,Pallet,Occupied,94,25,Small,2,69,Group 2
B1901b,B,19,1b,Legbord,Occupied,39,10,Small,2,29,Group 1
B2001b,B,20,1b,Legbord,Occupied,39,23,Small,2,16,Group 1
B1901c,B,19,1c,Legbord,Occupied,69,65,Small,2,4,Group 1
B2001c,B,20,1c,Legbord,Occupied,69,48,Small,2,21,Group 1
D0101,D,01,01,Pallet,Occupied,69,37,Large,4,32,Group 1
D0301,D,03,01,Pallet,Occupied,69,15,Large,4,54,Group 1
D0401,D,04,01,Pallet,Occupied,69,64,Medium,3,5,Group 1
D0601,D,06,01,Pallet,Occupied,69,20,Medium,3,49,Group 1
D0701,D,07,01,Pallet,Occupied,69,67,Medium,3,2,Group 1
D0801,D,08,01,Pallet,Occupied,69,44,Medium,3,25,Group 1
D0901,D,09,01,Pallet,Occupied,69,48,Medium,3,21,Group 1
D1001,D,10,01,Pallet,Occupied,69,57,Medium,3,12,Group 1
D1101,D,11,01,Pallet,Occupied,69,46,Medium,3,23,Group 1
D1201,D,12,01,Pallet,Occupied,69,13,Medium,3,56,Group 1
D1301,D,13,01,Pallet,Occupied,69,17,Medium,3,52,Group 1
D1401,D,14,01,Pallet,Occupied,69,28,Medium,3,41,Group 1
D1501,D,15,01,Pallet,Occupied,69,22,Medium,3,47,Group 1
D1601,D,16,01,Pallet,Occupied,149,45,Medium,3,104,Group 3
D1701,D,17,01,Pallet,Occupied,149,80,Medium,3,69,Group 3
D1801,D,18,01,Pallet,Occupied,149,20,Medium,3,129,Group 3
D1901,D,19,01,Pallet,Occupied,149,78,Small,2,71,Group 3
D2001,D,20,01,Pallet,Occupied,149,80,Small,2,69,Group 3
D0102,D,01,02,Legbord,Occupied,64,44,Large,4,20,Group 1
D0302,D,03,02,Legbord,Occupied,64,50,Large,4,14,Group 1
D0402,D,04,02,Legbord,Occupied,64,23,Medium,3,41,Group 1
D0502,D,05,02,Legbord,Occupied,64,43,Medium,3,21,Group 1
D0602,D,06,02,Legbord,Occupied,64,47,Medium,3,17,Group 1
D0702,D,07,02,Legbord,Occupied,64,63,Medium,3,1,Group 1
D0802,D,08,02,Legbord,Occupied,64,23,Medium,3,41,Group 1
D0902,D,09,02,Pallet,Occupied,64,15,Medium,3,49,Group 1
D1002,D,10,02,Legbord,Occupied,64,41,Medium,3,23,Group 1
D1102,D,11,02,Legbord,Occupied,64,49,Medium,3,15,Group 1
D1202,D,12,02,Legbord,Occupied,64,49,Medium,3,15,Group 1
D1402,D,14,02,Legbord,Occupied,64,24,Medium,3,40,Group 1
D1502,D,15,02,Legbord,Occupied,64,25,Medium,3,39,Group 1
D0003,D,00,03,Legbord,Occupied,64,47,Large,4,17,Group 1
D0203,D,02,03,Legbord,Occupied,64,26,Large,4,38,Group 1
D0303,D,03,03,Legbord,Occupied,64,41,Large,4,23,Group 1
D0403,D,04,03,Legbord,Occupied,64,30,Medium,3,34,Group 1
D0503,D,05,03,Legbord,Occupied,64,4,Medium,3,60,Group 1
D0603,D,06,03,Legbord,Occupied,64,8,Medium,3,56,Group 1
D0703,D,07,03,Legbord,Occupied,64,30,Medium,3,34,Group 1
D0903,D,09,03,Legbord,Occupied,64,23,Medium,3,41,Group 1
D1103,D,11,03,Legbord,Occupied,64,39,Medium,3,25,Group 1
D1203,D,12,03,Legbord,Occupied,64,37,Medium,3,27,Group 1
D1303,D,13,03,Legbord,Occupied,64,19,Medium,3,45,Group 1
D1403,D,14,03,Legbord,Occupied,64,19,Medium,3,45,Group 1
D1503,D,15,03,Legbord,Occupied,64,3,Medium,3,61,Group 1
D1603,D,16,03,Legbord,Occupied,64,49,Medium,3,15,Group 1
D1703,D,17,03,Legbord,Occupied,64,19,Medium,3,45,Group 1
D1803,D,18,03,Legbord,Occupied,64,19,Medium,3,45,Group 1
D1903,D,19,03,Legbord,Occupied,64,19,Medium,3,45,Group 1
D2003,D,20,03,Legbord,Occupied,64,19,Medium,3,45,Group 1
D0004,D,00,04,Legbord,Occupied,64,40,Large,4,24,Group 1
D0104,D,01,04,Legbord,Occupied,64,28,Large,4,36,Group 1
D0304,D,03,04,Legbord,Occupied,64,13,Large,4,51,Group 1
D0404,D,04,04,Legbord,Occupied,64,62,Medium,3,2,Group 1
D0804,D,08,04,Legbord,Occupied,64,19,Medium,3,45,Group 1
D0904,D,09,04,Legbord,Occupied,64,59,Medium,3,5,Group 1
D1004,D,10,04,Legbord,Occupied,64,10,Medium,3,54,Group 1
D1104,D,11,04,Legbord,Occupied,64,28,Medium,3,36,Group 1
D1204,D,12,04,Legbord,Occupied,64,48,Medium,3,16,Group 1
D1404,D,14,04,Legbord,Occupied,64,48,Medium,3,16,Group 1
D1504,D,15,04,Legbord,Occupied,64,40,Medium,3,24,Group 1
D1704,D,17,04,Legbord,Occupied,64,10,Medium,3,54,Group 1
D1804,D,18,04,Legbord,Occupied,64,10,Medium,3,54,Group 1
D2004,D,20,04,Legbord,Occupied,64,31,Medium,3,33,Group 1
D0005,D,00,05,Cabinet Frame,Occupied,239,195,Large,4,44,Group 4
D0105,D,01,05,Cabinet Frame,Occupied,239,195,Large,4,44,Group 4
D0205,D,02,05,Cabinet Frame,Occupied,239,216,Large,4,23,Group 4
D0305,D,03,05,Cabinet Frame,Occupied,239,195,Large,4,44,Group 4
D0405,D,04,05,Cabinet Frame,Occupied,239,203,Medium,3,36,Group 4
D0505,D,05,05,Cabinet Frame,Occupied,239,203,Medium,3,36,Group 4
D0605,D,06,05,Cabinet Frame,Occupied,239,195,Medium,3,44,Group 4
D0705,D,07,05,Cabinet Frame,Occupied,239,203,Medium,3,36,Group 4
D0905,D,09,05,Cabinet Frame,Occupied,239,203,Medium,3,36,Group 4
D1005,D,10,05,Cabinet Frame,Occupied,239,203,Medium,3,36,Group 4
D1105,D,11,05,Pallet,Occupied,239,203,Medium,3,36,Group 4
D1205,D,12,05,Cabinet Frame,Occupied,239,203,Medium,3,36,Group 4
D1305,D,13,05,Cabinet Frame,Occupied,239,203,Medium,3,36,Group 4
D1405,D,14,05,Cabinet Frame,Occupied,239,203,Medium,3,36,Group 4
D1505,D,15,05,Cabinet Frame,Occupied,239,203,Medium,3,36,Group 4
D1605,D,16,05,Pallet,Occupied,239,195,Medium,3,44,Group 4
D1705,D,17,05,Cabinet Frame,Occupied,239,203,Medium,3,36,Group 4
D1805,D,18,05,Cabinet Frame,Occupied,239,195,Medium,3,44,Group 4
D1905,D,19,05,Pallet,Occupied,239,175,Medium,3,64,Group 4
D2105,D,21,05,Cabinet Frame,Occupied,239,185,Medium,3,54,Group 4
D0006,D,00,06,Pallet,Occupied,174,84,Large,4,90,Group 4
D0106,D,01,06,Pallet,Occupied,174,84,Large,4,90,Group 4
D0206,D,02,06,Pallet,Occupied,174,84,Large,4,90,Group 4
D0306,D,03,06,Pallet,Occupied,174,147,Large,4,27,Group 4
D0406,D,04,06,Pallet,Occupied,174,87,Medium,3,87,Group 4
D0506,D,05,06,Pallet,Occupied,174,74,Medium,3,100,Group 4
D0606,D,06,06,Pallet,Occupied,174,47,Medium,3,127,Group 4
D0706,D,07,06,Pallet,Occupied,174,97,Medium,3,77,Group 4
D0806,D,08,06,Pallet,Occupied,174,70,Medium,3,104,Group 4
D0906,D,09,06,Pallet,Occupied,174,140,Medium,3,34,Group 4
D1006,D,10,06,Pallet,Occupied,174,101,Medium,3,73,Group 4
D1206,D,12,06,Pallet,Occupied,174,40,Medium,3,134,Group 4
D1306,D,13,06,Pallet,Occupied,174,83,Medium,3,91,Group 4
D1406,D,14,06,Pallet,Occupied,174,78,Medium,3,96,Group 4
D1506,D,15,06,Pallet,Occupied,174,78,Medium,3,96,Group 4
D1606,D,16,06,Pallet,Occupied,174,112,Medium,3,62,Group 4
D1706,D,17,06,Pallet,Occupied,174,140,Medium,3,34,Group 4
D1806,D,18,06,Pallet,Occupied,174,140,Medium,3,34,Group 4
D1906,D,19,06,Pallet,Occupied,174,125,Medium,3,49,Group 4
E0001,E,00,01,Pallet,Occupied,69,48,Large,4,21,Group 1
E0101,E,01,01,Pallet,Occupied,69,27,Large,4,42,Group 1
E0201,E,02,01,Pallet,Occupied,69,55,Large,4,14,Group 1
E0301,E,03,01,Pallet,Occupied,69,34,Large,4,35,Group 1
E0401,E,04,01,Pallet,Occupied,69,45,Medium,3,24,Group 1
E0501,E,05,01,Pallet,Occupied,69,63,Medium,3,6,Group 1
E0601,E,06,01,Pallet,Occupied,69,25,Medium,3,44,Group 1
E0701,E,07,01,Pallet,Occupied,69,55,Medium,3,14,Group 1
E0801,E,08,01,Pallet,Occupied,69,55,Medium,3,14,Group 1
E1001,E,10,01,Pallet,Occupied,69,54,Medium,3,15,Group 1
E1101,E,11,01,Pallet,Occupied,69,62,Medium,3,7,Group 1
E1201,E,12,01,Pallet,Occupied,69,50,Medium,3,19,Group 1
E1301,E,13,01,Pallet,Occupied,69,52,Medium,3,17,Group 1
E1501,E,15,01,Pallet,Occupied,69,47,Medium,3,22,Group 1
E1801,E,18,01,Pallet,Occupied,69,14,Medium,3,55,Group 1
E1901,E,19,01,Pallet,Occupied,69,63,Small,2,6,Group 1
E2001,E,20,01,Pallet,Occupied,69,19,Small,2,50,Group 1
E0002,E,00,02,Legbord,Occupied,64,21,Large,4,43,Group 1
E0102,E,01,02,Legbord,Occupied,64,40,Large,4,24,Group 1
E0202,E,02,02,Legbord,Occupied,64,41,Large,4,23,Group 1
E0302,E,03,02,Legbord,Occupied,64,20,Large,4,44,Group 1
E0402,E,04,02,Legbord,Occupied,64,12,Medium,3,52,Group 1
E0502,E,05,02,Legbord,Occupied,64,48,Medium,3,16,Group 1
E0602,E,06,02,Legbord,Occupied,64,36,Medium,3,28,Group 1
E0702,E,07,02,Legbord,Occupied,64,60,Medium,3,4,Group 1
E0802,E,08,02,Legbord,Occupied,64,67,Medium,3,-3,Group 1
E0902,E,09,02,Legbord,Occupied,64,60,Medium,3,4,Group 1
E1002,E,10,02,Legbord,Occupied,64,34,Medium,3,30,Group 1
E1102,E,11,02,Legbord,Occupied,64,53,Medium,3,11,Group 1
E1202,E,12,02,Legbord,Occupied,64,50,Medium,3,14,Group 1
E1302,E,13,02,Legbord,Occupied,64,43,Medium,3,21,Group 1
E1402,E,14,02,Legbord,Occupied,64,65,Medium,3,-1,Group 1
E1502,E,15,02,Legbord,Occupied,64,34,Medium,3,30,Group 1
E1702,E,17,02,Legbord,Occupied,64,56,Medium,3,8,Group 1
E1802,E,18,02,Legbord,Occupied,64,25,Medium,3,39,Group 1
E1902,E,19,02,Legbord,Occupied,64,22,Small,2,42,Group 1
E0003,E,00,03,Legbord,Occupied,64,44,Large,4,20,Group 1
E0103,E,01,03,Legbord,Occupied,64,47,Large,4,17,Group 1
E0203,E,02,03,Legbord,Occupied,64,30,Large,4,34,Group 1
E0303,E,03,03,Legbord,Occupied,64,56,Large,4,8,Group 1
E0403,E,04,03,Legbord,Occupied,64,17,Medium,3,47,Group 1
E0503,E,05,03,Legbord,Occupied,64,24,Medium,3,40,Group 1
E0603,E,06,03,Legbord,Occupied,64,42,Medium,3,22,Group 1
E0703,E,07,03,Legbord,Occupied,64,24,Medium,3,40,Group 1
E0803,E,08,03,Legbord,Occupied,64,22,Medium,3,42,Group 1
E0903,E,09,03,Legbord,Occupied,64,23,Medium,3,41,Group 1
E1103,E,11,03,Legbord,Occupied,64,27,Medium,3,37,Group 1
E1203,E,12,03,Legbord,Occupied,64,14,Medium,3,50,Group 1
E1403,E,14,03,Legbord,Occupied,64,46,Medium,3,18,Group 1
E1603,E,16,03,Legbord,Occupied,64,32,Medium,3,32,Group 1
E1703,E,17,03,Legbord,Occupied,64,49,Medium,3,15,Group 1
E1803,E,18,03,Legbord,Occupied,64,60,Medium,3,4,Group 1
E1903,E,19,03,Legbord,Occupied,64,51,Small,2,13,Group 1
E2003,E,20,03,Legbord,Occupied,64,19,Small,2,45,Group 1
E0004,E,00,04,Legbord,Occupied,64,15,Large,4,49,Group 1
E0104,E,01,04,Legbord,Occupied,64,45,Large,4,19,Group 1
E0304,E,03,04,Legbord,Occupied,64,52,Large,4,12,Group 1
E0404,E,04,04,Legbord,Occupied,64,39,Medium,3,25,Group 1
E0604,E,06,04,Legbord,Occupied,64,3,Medium,3,61,Group 1
E0704,E,07,04,Legbord,Occupied,64,19,Medium,3,45,Group 1
E0804,E,08,04,Legbord,Occupied,64,51,Medium,3,13,Group 1
E0904,E,09,04,Legbord,Occupied,64,19,Medium,3,45,Group 1
E1004,E,10,04,Legbord,Occupied,64,49,Medium,3,15,Group 1
E1104,E,11,04,Legbord,Occupied,64,19,Medium,3,45,Group 1
E1204,E,12,04,Legbord,Occupied,64,39,Medium,3,25,Group 1
E1304,E,13,04,Legbord,Occupied,64,33,Medium,3,31,Group 1
E1404,E,14,04,Legbord,Occupied,64,49,Medium,3,15,Group 1
E1504,E,15,04,Legbord,Occupied,64,40,Medium,3,24,Group 1
E1604,E,16,04,Legbord,Occupied,64,9,Medium,3,55,Group 1
E1704,E,17,04,Legbord,Occupied,64,32,Medium,3,32,Group 1
E1804,E,18,04,Legbord,Occupied,64,9,Medium,3,55,Group 1
E1904,E,19,04,Legbord,Occupied,64,57,Medium,3,7,Group 1
E0005,E,00,05,Legbord,Occupied,64,49,Large,4,15,Group 1
E0105,E,01,05,Legbord,Occupied,64,34,Large,4,30,Group 1
E0205,E,02,05,Legbord,Occupied,64,19,Large,4,45,Group 1
E0305,E,03,05,Legbord,Occupied,64,19,Large,4,45,Group 1
E0405,E,04,05,Legbord,Occupied,64,19,Medium,3,45,Group 1
E0505,E,05,05,Legbord,Occupied,64,19,Medium,3,45,Group 1
E0605,E,06,05,Legbord,Occupied,64,19,Medium,3,45,Group 1
E0705,E,07,05,Legbord,Occupied,64,29,Medium,3,35,Group 1
E0805,E,08,05,Legbord,Occupied,64,20,Medium,3,44,Group 1
E0905,E,09,05,Legbord,Occupied,64,20,Medium,3,44,Group 1
E1005,E,10,05,Legbord,Occupied,64,49,Medium,3,15,Group 1
E1105,E,11,05,Legbord,Occupied,64,16,Medium,3,48,Group 1
E1305,E,13,05,Legbord,Occupied,64,25,Medium,3,39,Group 1
E1405,E,14,05,Legbord,Occupied,64,60,Medium,3,4,Group 1
E1505,E,15,05,Legbord,Occupied,64,41,Medium,3,23,Group 1
E1605,E,16,05,Legbord,Occupied,64,41,Medium,3,23,Group 1
E1705,E,17,05,Legbord,Occupied,64,41,Medium,3,23,Group 1
E1805,E,18,05,Legbord,Occupied,64,42,Medium,3,22,Group 1
E2005,E,20,05,Pallet,Occupied,64,47,Medium,3,17,Group 1
E0006,E,00,06,Pallet,Occupied,169,109,Large,4,60,Group 4
E0106,E,01,06,Pallet,Occupied,169,15,Large,4,154,Group 4
E0406,E,04,06,Pallet,Occupied,169,30,Medium,3,139,Group 4
E0706,E,07,06,Pallet,Occupied,169,101,Medium,3,68,Group 4
E0806,E,08,06,Pallet,Occupied,169,118,Medium,3,51,Group 4
E0906,E,09,06,Pallet,Occupied,169,66,Medium,3,103,Group 4
E1206,E,12,06,Pallet,Occupied,169,128,Medium,3,41,Group 4
E1306,E,13,06,Pallet,Occupied,169,138,Medium,3,31,Group 4
E1606,E,16,06,Pallet,Occupied,169,45,Medium,3,124,Group 4
E1706,E,17,06,Pallet,Occupied,169,75,Medium,3,94,Group 4
E1806,E,18,06,Pallet,Occupied,169,138,Medium,3,31,Group 4
E1906,E,19,06,Pallet,Occupied,169,44,Medium,3,125,Group 4
E2106,E,21,06,Pallet,Occupied,169,135,Medium,3,34,Group 4
E0107,E,01,07,Pallet,Occupied,164,86,Large,4,78,Group 4
E0207,E,02,07,Pallet,Occupied,164,49,Large,4,115,Group 4
E0607,E,06,07,Pallet,Occupied,164,74,Medium,3,90,Group 4
E0707,E,07,07,Pallet,Occupied,164,67,Medium,3,97,Group 4
E0907,E,09,07,Pallet,Occupied,164,80,Medium,3,84,Group 4
E1407,E,14,07,Pallet,Occupied,164,118,Medium,3,46,Group 4
E1607,E,16,07,Pallet,Occupied,164,79,Medium,3,85,Group 4
E1807,E,18,07,Pallet,Occupied,164,73,Medium,3,91,Group 4
E1907,E,19,07,Pallet,Occupied,164,39,Medium,3,125,Group 4
E2107,E,21,07,Pallet,Occupied,164,74,Medium,3,90,Group 4
F0001,F,00,01,Pallet,Occupied,109,80,Large,4,29,Group 2
F0101,F,01,01,Pallet,Occupied,109,49,Large,4,60,Group 2
F0201,F,02,01,Pallet,Occupied,109,25,Large,4,84,Group 2
F0301,F,03,01,Pallet,Occupied,109,46,Large,4,63,Group 2
F0401,F,04,01,Pallet,Occupied,109,72,Medium,3,37,Group 2
F0701,F,07,01,Pallet,Occupied,109,38,Medium,3,71,Group 2
F0801,F,08,01,Pallet,Occupied,109,54,Medium,3,55,Group 2
F1001,F,10,01,Pallet,Occupied,109,61,Medium,3,48,Group 2
F1101,F,11,01,Pallet,Occupied,109,75,Medium,3,34,Group 2
F1201,F,12,01,Pallet,Occupied,109,64,Medium,3,45,Group 2
F1301,F,13,01,Pallet,Occupied,109,61,Medium,3,48,Group 2
F1501,F,15,01,Pallet,Occupied,109,67,Medium,3,42,Group 2
F1601,F,16,01,Pallet,Occupied,109,38,Medium,3,71,Group 2
F1701,F,17,01,Pallet,Occupied,109,48,Medium,3,61,Group 2
F1801,F,18,01,Pallet,Occupied,109,88,Medium,3,21,Group 2
F0002,F,00,02,Legbord,Occupied,74,39,Large,4,35,Group 2
F0102,F,01,02,Legbord,Occupied,74,71,Large,4,3,Group 2
F0202,F,02,02,Legbord,Occupied,74,70,Large,4,4,Group 2
F0302,F,03,02,Legbord,Occupied,74,71,Large,4,3,Group 2
F0402,F,04,02,Legbord,Occupied,74,32,Medium,3,42,Group 2
F0502,F,05,02,Legbord,Occupied,74,35,Medium,3,39,Group 2
F0602,F,06,02,Pallet,Occupied,74,54,Medium,3,20,Group 2
F0702,F,07,02,Legbord,Occupied,74,33,Medium,3,41,Group 2
F0802,F,08,02,Pallet,Occupied,74,48,Medium,3,26,Group 2
F0902,F,09,02,Legbord,Occupied,74,66,Medium,3,8,Group 2
F1002,F,10,02,Legbord,Occupied,74,49,Medium,3,25,Group 2
F1102,F,11,02,Legbord,Occupied,74,48,Medium,3,26,Group 2
F1202,F,12,02,Legbord,Occupied,74,36,Medium,3,38,Group 2
F1402,F,14,02,Legbord,Occupied,74,51,Medium,3,23,Group 2
F1502,F,15,02,Legbord,Occupied,74,31,Medium,3,43,Group 2
F1602,F,16,02,Legbord,Occupied,74,79,Medium,3,-5,Group 2
F1702,F,17,02,Pallet,Occupied,74,61,Medium,3,13,Group 2
F1802,F,18,02,Legbord,Occupied,74,69,Medium,3,5,Group 2
F1902,F,19,02,Legbord,Occupied,104,23,Small,2,81,Group 2
F2002,F,20,02,Legbord,Occupied,104,34,Small,2,70,Group 2
F0003,F,00,03,Legbord,Occupied,74,39,Large,4,35,Group 2
F0103,F,01,03,Legbord,Occupied,74,28,Large,4,46,Group 2
F0203,F,02,03,Legbord,Occupied,74,27,Large,4,47,Group 2
F0303,F,03,03,Legbord,Occupied,74,27,Large,4,47,Group 2
F0403,F,04,03,Legbord,Occupied,74,64,Medium,3,10,Group 2
F0503,F,05,03,Legbord,Occupied,74,40,Medium,3,34,Group 2
F0603,F,06,03,Legbord,Occupied,74,48,Medium,3,26,Group 2
F0703,F,07,03,Legbord,Occupied,74,40,Medium,3,34,Group 2
F0803,F,08,03,Legbord,Occupied,74,49,Medium,3,25,Group 2
F0903,F,09,03,Legbord,Occupied,74,20,Medium,3,54,Group 2
F1103,F,11,03,Pallet,Occupied,74,43,Medium,3,31,Group 2
F1203,F,12,03,Legbord,Occupied,74,19,Medium,3,55,Group 2
F1303,F,13,03,Legbord,Occupied,74,40,Medium,3,34,Group 2
F1603,F,16,03,Legbord,Occupied,74,57,Medium,3,17,Group 2
F1703,F,17,03,Legbord,Occupied,74,49,Medium,3,25,Group 2
F1803,F,18,03,Pallet,Occupied,74,38,Medium,3,36,Group 2
F1903,F,19,03,Legbord,Occupied,44,14,Medium,3,30,Group 1
F2003,F,20,03,Legbord,Occupied,44,7,Medium,3,37,Group 1
F2103,F,21,03,Legbord,Occupied,44,30,Medium,3,14,Group 1
F0004,F,00,04,Legbord,Occupied,144,43,Large,4,101,Group 3
F0104,F,01,04,Legbord,Occupied,144,18,Large,4,126,Group 3
F0204,F,02,04,Legbord,Occupied,144,63,Large,4,81,Group 3
F0304,F,03,04,Legbord,Occupied,144,63,Large,4,81,Group 3
F0404,F,04,04,Legbord,Occupied,64,15,Medium,3,49,Group 1
F0504,F,05,04,Legbord,Occupied,64,14,Medium,3,50,Group 1
F0604,F,06,04,Legbord,Occupied,64,52,Medium,3,12,Group 1
F0704,F,07,04,Legbord,Occupied,64,49,Medium,3,15,Group 1
F0804,F,08,04,Legbord,Occupied,64,49,Medium,3,15,Group 1
F0904,F,09,04,Legbord,Occupied,64,13,Medium,3,51,Group 1
F1104,F,11,04,Legbord,Occupied,64,49,Medium,3,15,Group 1
F1204,F,12,04,Legbord,Occupied,64,43,Medium,3,21,Group 1
F1304,F,13,04,Legbord,Occupied,64,34,Medium,3,30,Group 1
F1404,F,14,04,Legbord,Occupied,64,30,Medium,3,34,Group 1
F1504,F,15,04,Legbord,Occupied,64,30,Medium,3,34,Group 1
F1604,F,16,04,Legbord,Occupied,64,19,Medium,3,45,Group 1
F1704,F,17,04,Legbord,Occupied,64,19,Medium,3,45,Group 1
F1904,F,19,04,Legbord,Occupied,64,38,Medium,3,26,Group 1
F2004,F,20,04,Legbord,Occupied,64,49,Medium,3,15,Group 1
F0405,F,04,05,Legbord,Occupied,214,15,Medium,3,199,Group 4
F0505,F,05,05,Legbord,Occupied,214,15,Medium,3,199,Group 4
F0705,F,07,05,Legbord,Occupied,64,49,Medium,3,15,Group 1
F1105,F,11,05,Legbord,Occupied,64,40,Medium,3,24,Group 1
F1205,F,12,05,Legbord,Occupied,64,33,Medium,3,31,Group 1
F1405,F,14,05,Legbord,Occupied,64,8,Medium,3,56,Group 1
F1505,F,15,05,Pallet,Occupied,64,35,Medium,3,29,Group 1
F1605,F,16,05,Legbord,Occupied,64,38,Medium,3,26,Group 1
F1705,F,17,05,Legbord,Occupied,64,26,Medium,3,38,Group 1
F0006,F,00,06,Pallet,Occupied,134,130,Large,4,4,Group 3
F0106,F,01,06,Pallet,Occupied,134,133,Large,4,1,Group 3
F0706,F,07,06,Pallet,Occupied,134,51,Medium,3,83,Group 3
F1106,F,11,06,Pallet,Occupied,134,60,Medium,3,74,Group 3
F1906,F,19,06,Pallet,Occupied,134,128,Medium,3,6,Group 3
F2006,F,20,06,Pallet,Occupied,134,128,Medium,3,6,Group 3
F2106,F,21,06,Pallet,Occupied,134,97,Medium,3,37,Group 3
F0607,F,06,07,Pallet,Occupied,139,89,Medium,3,50,Group 3
F0707,F,07,07,Pallet,Occupied,139,89,Medium,3,50,Group 3
F0807,F,08,07,Pallet,Occupied,139,89,Medium,3,50,Group 3
F0907,F,09,07,Pallet,Occupied,139,89,Medium,3,50,Group 3
F1007,F,10,07,Pallet,Occupied,139,111,Medium,3,28,Group 3
F1107,F,11,07,Pallet,Occupied,139,86,Medium,3,53,Group 3
F1307,F,13,07,Pallet,Occupied,139,97,Medium,3,42,Group 3
F1407,F,14,07,Pallet,Occupied,139,104,Medium,3,35,Group 3
F1507,F,15,07,Pallet,Occupied,139,51,Medium,3,88,Group 3
F1607,F,16,07,Pallet,Occupied,139,97,Medium,3,42,Group 3
F1907,F,19,07,Pallet,Occupied,139,84,Medium,3,55,Group 3
G0001,G,00,01,Pallet,Occupied,109,67,Large,4,42,Group 2
G0101,G,01,01,Pallet,Occupied,109,35,Large,4,74,Group 2
G0201,G,02,01,Pallet,Occupied,109,34,Large,4,75,Group 2
G0301,G,03,01,Pallet,Occupied,109,45,Large,4,64,Group 2
G0401,G,04,01,Pallet,Occupied,109,46,Medium,3,63,Group 2
G0701,G,07,01,Pallet,Occupied,109,77,Medium,3,32,Group 2
G0801,G,08,01,Pallet,Occupied,109,90,Medium,3,19,Group 2
G0901,G,09,01,Pallet,Occupied,109,17,Medium,3,92,Group 2
G1101,G,11,01,Pallet,Occupied,109,63,Medium,3,46,Group 2
G1201,G,12,01,Pallet,Occupied,109,49,Medium,3,60,Group 2
G1401,G,14,01,Pallet,Occupied,109,38,Medium,3,71,Group 2
G1501,G,15,01,Pallet,Occupied,109,54,Medium,3,55,Group 2
G1601,G,16,01,Pallet,Occupied,109,70,Medium,3,39,Group 2
G1801,G,18,01,Pallet,Occupied,109,70,Medium,3,39,Group 2
G1901,G,19,01,Pallet,Occupied,109,24,Small,2,85,Group 2
G2001,G,20,01,Pallet,Occupied,109,24,Small,2,85,Group 2
G0002,G,00,02,Legbord,Occupied,74,48,Large,4,26,Group 2
G0102,G,01,02,Legbord,Occupied,74,27,Large,4,47,Group 2
G0202,G,02,02,Legbord,Occupied,74,59,Large,4,15,Group 2
G0302,G,03,02,Legbord,Occupied,74,59,Large,4,15,Group 2
G0402,G,04,02,Legbord,Occupied,74,14,Medium,3,60,Group 2
G0502,G,05,02,Legbord,Occupied,74,26,Medium,3,48,Group 2
G0602,G,06,02,Legbord,Occupied,74,69,Medium,3,5,Group 2
G0702,G,07,02,Legbord,Occupied,74,20,Medium,3,54,Group 2
G0802,G,08,02,Legbord,Occupied,74,58,Medium,3,16,Group 2
G0902,G,09,02,Legbord,Occupied,74,66,Medium,3,8,Group 2
G1002,G,10,02,Legbord,Occupied,74,40,Medium,3,34,Group 2
G1102,G,11,02,Legbord,Occupied,74,48,Medium,3,26,Group 2
G1202,G,12,02,Legbord,Occupied,74,38,Medium,3,36,Group 2
G1302,G,13,02,Legbord,Occupied,74,67,Medium,3,7,Group 2
G1602,G,16,02,Legbord,Occupied,74,20,Medium,3,54,Group 2
G1702,G,17,02,Legbord,Occupied,74,35,Medium,3,39,Group 2
G1802,G,18,02,Legbord,Occupied,74,35,Medium,3,39,Group 2
G2002,G,20,02,Legbord,Occupied,104,39,Small,2,65,Group 2
G0003,G,00,03,Legbord,Occupied,74,39,Large,4,35,Group 2
G0103,G,01,03,Legbord,Occupied,74,33,Large,4,41,Group 2
G0203,G,02,03,Legbord,Occupied,74,19,Large,4,55,Group 2
G0303,G,03,03,Legbord,Occupied,74,18,Large,4,56,Group 2
G0503,G,05,03,Legbord,Occupied,74,72,Medium,3,2,Group 2
G0603,G,06,03,Legbord,Occupied,74,36,Medium,3,38,Group 2
G0703,G,07,03,Legbord,Occupied,74,19,Medium,3,55,Group 2
G0803,G,08,03,Legbord,Occupied,74,38,Medium,3,36,Group 2
G0903,G,09,03,Legbord,Occupied,74,65,Medium,3,9,Group 2
G1003,G,10,03,Legbord,Occupied,74,74,Medium,3,0,Group 2
G1103,G,11,03,Legbord,Occupied,74,74,Medium,3,0,Group 2
G1203,G,12,03,Legbord,Occupied,74,74,Medium,3,0,Group 2
G1303,G,13,03,Legbord,Occupied,74,31,Medium,3,43,Group 2
G1503,G,15,03,Legbord,Occupied,74,76,Medium,3,-2,Group 2
G1603,G,16,03,Legbord,Occupied,74,37,Medium,3,37,Group 2
G1703,G,17,03,Legbord,Occupied,74,52,Medium,3,22,Group 2
G1803,G,18,03,Legbord,Occupied,74,78,Medium,3,-4,Group 2
G1903,G,19,03,Legbord,Occupied,44,7,Medium,3,37,Group 1
G0304,G,03,04,Pallet,Occupied,124,40,Large,4,84,Group 3
G0404,G,04,04,Pallet,Occupied,124,33,Medium,3,91,Group 3
G0504,G,05,04,Pallet,Occupied,124,54,Medium,3,70,Group 3
G0604,G,06,04,Pallet,Occupied,124,38,Medium,3,86,Group 3
G1004,G,10,04,Pallet,Occupied,124,85,Medium,3,39,Group 3
G1104,G,11,04,Pallet,Occupied,124,63,Medium,3,61,Group 3
G1204,G,12,04,Pallet,Occupied,124,24,Medium,3,100,Group 3
G1404,G,14,04,Pallet,Occupied,124,55,Medium,3,69,Group 3
G1604,G,16,04,Pallet,Occupied,124,81,Medium,3,43,Group 3
G1704,G,17,04,Pallet,Occupied,124,99,Medium,3,25,Group 3
G1804,G,18,04,Pallet,Occupied,124,101,Medium,3,23,Group 3
G2004,G,20,04,Pallet,Occupied,124,108,Medium,3,16,Group 3
G2104,G,21,04,Pallet,Occupied,124,70,Medium,3,54,Group 3
G1605,G,16,05,Pallet,Occupied,144,118,Medium,3,26,Group 3
G1805,G,18,05,Pallet,Occupied,144,118,Medium,3,26,Group 3
G1905,G,19,05,Pallet,Occupied,144,118,Medium,3,26,Group 3
G2005,G,20,05,Pallet,Occupied,144,118,Medium,3,26,Group 3
G2105,G,21,05,Pallet,Occupied,144,118,Medium,3,26,Group 3
G0406,G,04,06,Pallet,Occupied,149,92,Medium,3,57,Group 3
G0606,G,06,06,Pallet,Occupied,149,76,Medium,3,73,Group 3
G0906,G,09,06,Pallet,Occupied,149,50,Medium,3,99,Group 3
G1006,G,10,06,Pallet,Occupied,149,89,Medium,3,60,Group 3
G1106,G,11,06,Pallet,Occupied,149,129,Medium,3,20,Group 3
G1206,G,12,06,Pallet,Occupied,149,129,Medium,3,20,Group 3
G1306,G,13,06,Pallet,Occupied,149,90,Medium,3,59,Group 3
G1406,G,14,06,Pallet,Occupied,149,90,Medium,3,59,Group 3
G1506,G,15,06,Pallet,Occupied,149,90,Medium,3,59,Group 3
G1606,G,16,06,Pallet,Occupied,149,116,Medium,3,33,Group 3
G1706,G,17,06,Pallet,Occupied,149,97,Medium,3,52,Group 3
G1906,G,19,06,Pallet,Occupied,149,78,Medium,3,71,Group 3
G2106,G,21,06,Pallet,Occupied,149,82,Medium,3,67,Group 3
H0001,H,00,01,Pallet,Occupied,104,62,Large,4,42,Group 2
H0101,H,01,01,Pallet,Occupied,104,73,Large,4,31,Group 2
H0201,H,02,01,Pallet,Occupied,104,47,Large,4,57,Group 2
H0401,H,04,01,Pallet,Occupied,104,55,Medium,3,49,Group 2
H0501,H,05,01,Pallet,Occupied,104,80,Medium,3,24,Group 2
H0601,H,06,01,Pallet,Occupied,104,52,Medium,3,52,Group 2
H0701,H,07,01,Pallet,Occupied,104,42,Medium,3,62,Group 2
H0801,H,08,01,Pallet,Occupied,104,47,Medium,3,57,Group 2
H0901,H,09,01,Pallet,Occupied,104,71,Medium,3,33,Group 2
H1001,H,10,01,Pallet,Occupied,104,69,Medium,3,35,Group 2
H1201,H,12,01,Pallet,Occupied,104,44,Medium,3,60,Group 2
H1301,H,13,01,Pallet,Occupied,104,36,Medium,3,68,Group 2
H1401,H,14,01,Pallet,Occupied,104,55,Medium,3,49,Group 2
H1601,H,16,01,Pallet,Occupied,104,59,Medium,3,45,Group 2
H1801,H,18,01,Pallet,Occupied,104,37,Medium,3,67,Group 2
H1901,H,19,01,Pallet,Occupied,104,59,Small,2,45,Group 2
H2001,H,20,01,Pallet,Occupied,104,53,Small,2,51,Group 2
H0002,H,00,02,Legbord,Occupied,109,82,Large,4,27,Group 2
H0102,H,01,02,Legbord,Occupied,109,83,Large,4,26,Group 2
H0202,H,02,02,Pallet,Occupied,109,45,Large,4,64,Group 2
H0302,H,03,02,Pallet,Occupied,109,82,Large,4,27,Group 2
H0402,H,04,02,Pallet,Occupied,109,53,Medium,3,56,Group 2
H0502,H,05,02,Pallet,Occupied,109,19,Medium,3,90,Group 2
H0602,H,06,02,Legbord,Occupied,109,48,Medium,3,61,Group 2
H0702,H,07,02,Legbord,Occupied,109,2,Medium,3,107,Group 2
H0802,H,08,02,Legbord,Occupied,109,66,Medium,3,43,Group 2
H1002,H,10,02,Legbord,Occupied,109,47,Medium,3,62,Group 2
H1102,H,11,02,Legbord,Occupied,109,63,Medium,3,46,Group 2
H1202,H,12,02,Legbord,Occupied,109,42,Medium,3,67,Group 2
H1302,H,13,02,Legbord,Occupied,109,42,Medium,3,67,Group 2
H1402,H,14,02,Legbord,Occupied,109,49,Medium,3,60,Group 2
H1502,H,15,02,Legbord,Occupied,109,16,Medium,3,93,Group 2
H1602,H,16,02,Legbord,Occupied,109,76,Medium,3,33,Group 2
H1702,H,17,02,Legbord,Occupied,109,75,Medium,3,34,Group 2
H1802,H,18,02,Legbord,Occupied,109,67,Medium,3,42,Group 2
H1902,H,19,02,Legbord,Occupied,109,35,Small,2,74,Group 2
H2002,H,20,02,Legbord,Occupied,109,34,Small,2,75,Group 2
H0003,H,00,03,Pallet,Occupied,179,114,Large,4,65,Group 4
H0803,H,08,03,Pallet,Occupied,179,151,Medium,3,28,Group 4
H0903,H,09,03,Pallet,Occupied,179,76,Medium,3,103,Group 4
H1003,H,10,03,Pallet,Occupied,179,76,Medium,3,103,Group 4
H1403,H,14,03,Pallet,Occupied,179,130,Medium,3,49,Group 4
H1603,H,16,03,Pallet,Occupied,179,126,Medium,3,53,Group 4
H1703,H,17,03,Pallet,Occupied,179,61,Medium,3,118,Group 4
H1803,H,18,03,Pallet,Occupied,179,61,Medium,3,118,Group 4
H1903,H,19,03,Pallet,Occupied,179,86,Medium,3,93,Group 4
H2103,H,21,03,Pallet,Occupied,179,112,Medium,3,67,Group 4
H0304,H,03,04,Pallet,Occupied,149,117,Large,4,32,Group 3
H0404,H,04,04,Pallet,Occupied,149,108,Medium,3,41,Group 3
H0504,H,05,04,Pallet,Occupied,149,64,Medium,3,85,Group 3
H1004,H,10,04,Pallet,Occupied,149,128,Medium,3,21,Group 3
H1104,H,11,04,Pallet,Occupied,149,128,Medium,3,21,Group 3
H2004,H,20,04,Pallet,Occupied,149,137,Medium,3,12,Group 3
H0005,H,00,05,Pallet,Occupied,149,118,Large,4,31,Group 3
H0105,H,01,05,Pallet,Occupied,149,118,Large,4,31,Group 3
H0205,H,02,05,Pallet,Occupied,149,69,Large,4,80,Group 3
H0405,H,04,05,Pallet,Occupied,149,57,Medium,3,92,Group 3
H0505,H,05,05,Pallet,Occupied,149,38,Medium,3,111,Group 3
H0705,H,07,05,Pallet,Occupied,149,84,Medium,3,65,Group 3
H0905,H,09,05,Pallet,Occupied,149,117,Medium,3,32,Group 3
H1005,H,10,05,Pallet,Occupied,149,84,Medium,3,65,Group 3
H1205,H,12,05,Pallet,Occupied,149,81,Medium,3,68,Group 3
H1405,H,14,05,Pallet,Occupied,149,105,Medium,3,44,Group 3
H1505,H,15,05,Pallet,Occupied,149,77,Medium,3,72,Group 3
H1605,H,16,05,Pallet,Occupied,149,39,Medium,3,110,Group 3
H1705,H,17,05,Pallet,Occupied,149,88,Medium,3,61,Group 3
H1805,H,18,05,Pallet,Occupied,149,98,Medium,3,51,Group 3
H1905,H,19,05,Pallet,Occupied,149,77,Medium,3,72,Group 3
H2105,H,21,05,Pallet,Occupied,149,90,Medium,3,59,Group 3
I0401,I,04,01,Pallet,Occupied,104,85,Medium,3,19,Group 2
I0501,I,05,01,Pallet,Occupied,104,95,Medium,3,9,Group 2
I0601,I,06,01,Pallet,Occupied,104,78,Medium,3,26,Group 2
I0701,I,07,01,Pallet,Occupied,104,95,Medium,3,9,Group 2
I0801,I,08,01,Pallet,Occupied,104,59,Medium,3,45,Group 2
I0901,I,09,01,Pallet,Occupied,104,69,Medium,3,35,Group 2
I1001,I,10,01,Pallet,Occupied,104,56,Medium,3,48,Group 2
I1101,I,11,01,Pallet,Occupied,104,23,Medium,3,81,Group 2
I1201,I,12,01,Pallet,Occupied,104,69,Medium,3,35,Group 2
I1301,I,13,01,Pallet,Occupied,104,75,Medium,3,29,Group 2
I1401,I,14,01,Pallet,Occupied,104,69,Medium,3,35,Group 2
I1501,I,15,01,Pallet,Occupied,104,22,Medium,3,82,Group 2
I1601,I,16,01,Pallet,Occupied,104,75,Medium,3,29,Group 2
I1701,I,17,01,Pallet,Occupied,104,61,Medium,3,43,Group 2
I1801,I,18,01,Pallet,Occupied,104,81,Medium,3,23,Group 2
I1901,I,19,01,Pallet,Occupied,104,71,Small,2,33,Group 2
I2001,I,20,01,Pallet,Occupied,104,43,Small,2,61,Group 2
I0102,I,01,02,Legbord,Occupied,109,50,Large,4,59,Group 2
I0202,I,02,02,Legbord,Occupied,109,81,Large,4,28,Group 2
I0302,I,03,02,Legbord,Occupied,109,83,Large,4,26,Group 2
I0402,I,04,02,Legbord,Occupied,109,62,Medium,3,47,Group 2
I0502,I,05,02,Legbord,Occupied,109,76,Medium,3,33,Group 2
I0602,I,06,02,Legbord,Occupied,109,29,Medium,3,80,Group 2
I0702,I,07,02,Legbord,Occupied,109,52,Medium,3,57,Group 2
I0802,I,08,02,Legbord,Occupied,109,47,Medium,3,62,Group 2
I0902,I,09,02,Legbord,Occupied,109,74,Medium,3,35,Group 2
I1002,I,10,02,Legbord,Occupied,109,47,Medium,3,62,Group 2
I1102,I,11,02,Legbord,Occupied,109,42,Medium,3,67,Group 2
I1202,I,12,02,Legbord,Occupied,109,8,Medium,3,101,Group 2
I1302,I,13,02,Legbord,Occupied,109,83,Medium,3,26,Group 2
I1402,I,14,02,Legbord,Occupied,109,19,Medium,3,90,Group 2
I1502,I,15,02,Legbord,Occupied,109,99,Medium,3,10,Group 2
I1602,I,16,02,Legbord,Occupied,109,39,Medium,3,70,Group 2
I1702,I,17,02,Legbord,Occupied,109,22,Medium,3,87,Group 2
I1902,I,19,02,Legbord,Occupied,109,42,Small,2,67,Group 2
I2002,I,20,02,Legbord,Occupied,109,28,Small,2,81,Group 2
I0003,I,00,03,Pallet,Occupied,179,110,Large,4,69,Group 4
I0203,I,02,03,Pallet,Occupied,179,109,Large,4,70,Group 4
I0303,I,03,03,Pallet,Occupied,179,135,Large,4,44,Group 4
I0703,I,07,03,Pallet,Occupied,179,177,Medium,3,2,Group 4
I1003,I,10,03,Pallet,Occupied,179,167,Medium,3,12,Group 4
I1303,I,13,03,Pallet,Occupied,179,55,Medium,3,124,Group 4
I1403,I,14,03,Pallet,Occupied,179,119,Medium,3,60,Group 4
I1903,I,19,03,Pallet,Occupied,179,140,Medium,3,39,Group 4
I1304,I,13,04,Pallet,Occupied,149,82,Medium,3,67,Group 3
I1604,I,16,04,Pallet,Occupied,149,47,Medium,3,102,Group 3
I1704,I,17,04,Pallet,Occupied,149,103,Medium,3,46,Group 3
I1804,I,18,04,Pallet,Occupied,149,60,Medium,3,89,Group 3
I1904,I,19,04,Pallet,Occupied,149,88,Medium,3,61,Group 3
I0205,I,02,05,Pallet,Occupied,149,134,Large,4,15,Group 3
I0305,I,03,05,Pallet,Occupied,149,134,Large,4,15,Group 3
I0405,I,04,05,Pallet,Occupied,149,76,Medium,3,73,Group 3
I0505,I,05,05,Pallet,Occupied,149,100,Medium,3,49,Group 3
I0605,I,06,05,Pallet,Occupied,149,100,Medium,3,49,Group 3
I0705,I,07,05,Pallet,Occupied,149,95,Medium,3,54,Group 3
I1105,I,11,05,Pallet,Occupied,149,100,Medium,3,49,Group 3
I1205,I,12,05,Pallet,Occupied,149,75,Medium,3,74,Group 3
I1305,I,13,05,Pallet,Occupied,149,74,Medium,3,75,Group 3
I1405,I,14,05,Pallet,Occupied,149,52,Medium,3,97,Group 3
I1505,I,15,05,Pallet,Occupied,149,95,Medium,3,54,Group 3
I1605,I,16,05,Pallet,Occupied,149,95,Medium,3,54,Group 3
I1705,I,17,05,Pallet,Occupied,149,95,Medium,3,54,Group 3
I1905,I,19,05,Pallet,Occupied,149,89,Medium,3,60,Group 3
J0401,J,04,01,Pallet,Occupied,149,139,Medium,3,10,Group 3
J0601,J,06,01,Pallet,Occupied,149,42,Medium,3,107,Group 3
J0701,J,07,01,Pallet,Occupied,149,78,Medium,3,71,Group 3
J0801,J,08,01,Pallet,Occupied,149,19,Medium,3,130,Group 3
J0901,J,09,01,Pallet,Occupied,149,150,Medium,3,-1,Group 3
J1001,J,10,01,Pallet,Occupied,104,39,Medium,3,65,Group 2
J1101,J,11,01,Pallet,Occupied,104,95,Medium,3,9,Group 2
J1201,J,12,01,Pallet,Occupied,104,71,Medium,3,33,Group 2
J1301,J,13,01,Pallet,Occupied,104,62,Medium,3,42,Group 2
J1401,J,14,01,Pallet,Occupied,104,56,Medium,3,48,Group 2
J1501,J,15,01,Pallet,Occupied,104,67,Medium,3,37,Group 2
J1801,J,18,01,Pallet,Occupied,104,31,Medium,3,73,Group 2
J1901,J,19,01,Pallet,Occupied,104,55,Small,2,49,Group 2
J0002,J,00,02,Legbord,Occupied,59,31,Large,4,28,Group 1
J0102,J,01,02,Legbord,Occupied,59,37,Large,4,22,Group 1
J0202,J,02,02,Legbord,Occupied,59,37,Large,4,22,Group 1
J0302,J,03,02,Legbord,Occupied,59,57,Large,4,2,Group 1
J0402,J,04,02,Legbord,Occupied,59,54,Medium,3,5,Group 1
J0502,J,05,02,Legbord,Occupied,59,54,Medium,3,5,Group 1
J0702,J,07,02,Legbord,Occupied,59,54,Medium,3,5,Group 1
J0802,J,08,02,Legbord,Occupied,59,32,Medium,3,27,Group 1
J0902,J,09,02,Legbord,Occupied,59,40,Medium,3,19,Group 1
J1002,J,10,02,Legbord,Occupied,104,48,Medium,3,56,Group 2
J1102,J,11,02,Legbord,Occupied,104,56,Medium,3,48,Group 2
J1202,J,12,02,Legbord,Occupied,104,99,Medium,3,5,Group 2
J1302,J,13,02,Legbord,Occupied,104,71,Medium,3,33,Group 2
J1402,J,14,02,Legbord,Occupied,104,31,Medium,3,73,Group 2
J1502,J,15,02,Legbord,Occupied,104,66,Medium,3,38,Group 2
J1602,J,16,02,Legbord,Occupied,104,102,Medium,3,2,Group 2
J1702,J,17,02,Legbord,Occupied,104,42,Medium,3,62,Group 2
J1802,J,18,02,Legbord,Occupied,104,93,Medium,3,11,Group 2
J1902,J,19,02,Legbord,Occupied,104,63,Small,2,41,Group 2
J2002,J,20,02,Legbord,Occupied,104,39,Small,2,65,Group 2
J0003,J,00,03,Pallet,Occupied,179,147,Large,4,32,Group 4
J0103,J,01,03,Pallet,Occupied,179,147,Large,4,32,Group 4
J0203,J,02,03,Pallet,Occupied,179,67,Large,4,112,Group 4
J0303,J,03,03,Pallet,Occupied,179,34,Large,4,145,Group 4
J0503,J,05,03,Pallet,Occupied,179,139,Medium,3,40,Group 4
J0603,J,06,03,Pallet,Occupied,179,15,Medium,3,164,Group 4
J0703,J,07,03,Pallet,Occupied,179,38,Medium,3,141,Group 4
J0803,J,08,03,Pallet,Occupied,179,108,Medium,3,71,Group 4
J0903,J,09,03,Pallet,Occupied,179,14,Medium,3,165,Group 4
J1003,J,10,03,Pallet,Occupied,179,116,Medium,3,63,Group 4
J1103,J,11,03,Pallet,Occupied,179,78,Medium,3,101,Group 4
J1203,J,12,03,Pallet,Occupied,179,73,Medium,3,106,Group 4
J1303,J,13,03,Pallet,Occupied,179,155,Medium,3,24,Group 4
J1403,J,14,03,Pallet,Occupied,179,155,Medium,3,24,Group 4
J1803,J,18,03,Pallet,Occupied,179,139,Medium,3,40,Group 4
J1903,J,19,03,Pallet,Occupied,179,134,Medium,3,45,Group 4
J2003,J,20,03,Pallet,Occupied,179,134,Medium,3,45,Group 4
J2103,J,21,03,Pallet,Occupied,179,162,Medium,3,17,Group 4
J0004,J,00,04,Pallet,Occupied,149,49,Large,4,100,Group 3
J0404,J,04,04,Pallet,Occupied,149,40,Medium,3,109,Group 3
J0504,J,05,04,Pallet,Occupied,149,122,Medium,3,27,Group 3
J0604,J,06,04,Pallet,Occupied,149,72,Medium,3,77,Group 3
J0704,J,07,04,Pallet,Occupied,149,40,Medium,3,109,Group 3
J0804,J,08,04,Pallet,Occupied,149,15,Medium,3,134,Group 3
J0904,J,09,04,Pallet,Occupied,149,28,Medium,3,121,Group 3
J1004,J,10,04,Pallet,Occupied,149,123,Medium,3,26,Group 3
J1104,J,11,04,Pallet,Occupied,149,15,Medium,3,134,Group 3
J1204,J,12,04,Pallet,Occupied,149,70,Medium,3,79,Group 3
J1304,J,13,04,Pallet,Occupied,149,139,Medium,3,10,Group 3
J1404,J,14,04,Pallet,Occupied,149,139,Medium,3,10,Group 3
J1504,J,15,04,Pallet,Occupied,149,54,Medium,3,95,Group 3
J1604,J,16,04,Pallet,Occupied,149,44,Medium,3,105,Group 3
J1704,J,17,04,Pallet,Occupied,149,110,Medium,3,39,Group 3
J1804,J,18,04,Pallet,Occupied,149,136,Medium,3,13,Group 3
J2004,J,20,04,Pallet,Occupied,149,140,Medium,3,9,Group 3
J2104,J,21,04,Pallet,Occupied,149,34,Medium,3,115,Group 3
J0005,J,00,05,Pallet,Occupied,154,112,Large,4,42,Group 4
J0105,J,01,05,Pallet,Occupied,154,112,Large,4,42,Group 4
J0205,J,02,05,Pallet,Occupied,154,80,Large,4,74,Group 4
J0305,J,03,05,Pallet,Occupied,154,80,Large,4,74,Group 4
J0605,J,06,05,Pallet,Occupied,154,54,Medium,3,100,Group 4
J0705,J,07,05,Pallet,Occupied,154,106,Medium,3,48,Group 4
J0805,J,08,05,Pallet,Occupied,154,56,Medium,3,98,Group 4
J0905,J,09,05,Pallet,Occupied,154,78,Medium,3,76,Group 4
J1105,J,11,05,Pallet,Occupied,154,107,Medium,3,47,Group 4
J1205,J,12,05,Pallet,Occupied,154,82,Medium,3,72,Group 4
J1305,J,13,05,Pallet,Occupied,154,105,Medium,3,49,Group 4
J1405,J,14,05,Pallet,Occupied,154,98,Medium,3,56,Group 4
J1505,J,15,05,Pallet,Occupied,154,109,Medium,3,45,Group 4
J1605,J,16,05,Pallet,Occupied,154,73,Medium,3,81,Group 4
J1705,J,17,05,Pallet,Occupied,154,97,Medium,3,57,Group 4
J1805,J,18,05,Pallet,Occupied,154,79,Medium,3,75,Group 4
J1905,J,19,05,Pallet,Occupied,154,122,Medium,3,32,Group 4
J2005,J,20,05,Pallet,Occupied,154,105,Medium,3,49,Group 4
J2105,J,21,05,Pallet,Occupied,154,105,Medium,3,49,Group 4
J0001a,J,00,1a,Legbord,Occupied,94,83,Large,4,11,Group 2
J0101a,J,01,1a,Legbord,Occupied,94,95,Large,4,-1,Group 2
J0201a,J,02,1a,Legbord,Occupied,94,93,Large,4,1,Group 2
J0301a,J,03,1a,Legbord,Occupied,94,65,Large,4,29,Group 2
J0001b,J,00,1b,Legbord,Occupied,39,36,Large,4,3,Group 1
K0001,K,00,01,Pallet,Occupied,64,54,Large,4,10,Group 1
K0101,K,01,01,Pallet,Occupied,64,34,Large,4,30,Group 1
K0301,K,03,01,Pallet,Occupied,64,34,Large,4,30,Group 1
K0401,K,04,01,Pallet,Occupied,104,74,Medium,3,30,Group 2
K0501,K,05,01,Pallet,Occupied,104,92,Medium,3,12,Group 2
K0601,K,06,01,Pallet,Occupied,104,67,Medium,3,37,Group 2
K0701,K,07,01,Pallet,Occupied,64,60,Medium,3,4,Group 1
K0801,K,08,01,Pallet,Occupied,64,37,Medium,3,27,Group 1
K0901,K,09,01,Pallet,Occupied,64,46,Medium,3,18,Group 1
K1001,K,10,01,Pallet,Occupied,64,64,Medium,3,0,Group 1
K1101,K,11,01,Pallet,Occupied,64,41,Medium,3,23,Group 1
K1301,K,13,01,Pallet,Occupied,84,80,Medium,3,4,Group 2
K1401,K,14,01,Pallet,Occupied,84,77,Medium,3,7,Group 2
K1501,K,15,01,Pallet,Occupied,84,78,Medium,3,6,Group 2
K1601,K,16,01,Pallet,Occupied,84,76,Medium,3,8,Group 2
K1701,K,17,01,Pallet,Occupied,84,79,Medium,3,5,Group 2
K1801,K,18,01,Pallet,Occupied,84,79,Medium,3,5,Group 2
K0402,K,04,02,Legbord,Occupied,104,68,Medium,3,36,Group 2
K0502,K,05,02,Legbord,Occupied,104,95,Medium,3,9,Group 2
K0602,K,06,02,Pallet,Occupied,104,83,Medium,3,21,Group 2
K0702,K,07,02,Pallet,Occupied,144,77,Medium,3,67,Group 3
K0103,K,01,03,Pallet,Occupied,179,104,Large,4,75,Group 4
K0203,K,02,03,Pallet,Occupied,179,80,Large,4,99,Group 4
K0903,K,09,03,Pallet,Occupied,179,97,Medium,3,82,Group 4
K1103,K,11,03,Pallet,Occupied,179,72,Medium,3,107,Group 4
K1203,K,12,03,Pallet,Occupied,179,134,Medium,3,45,Group 4
K1303,K,13,03,Pallet,Occupied,179,96,Medium,3,83,Group 4
K1503,K,15,03,Pallet,Occupied,179,40,Medium,3,139,Group 4
K1603,K,16,03,Pallet,Occupied,179,60,Medium,3,119,Group 4
K1803,K,18,03,Pallet,Occupied,179,148,Medium,3,31,Group 4
K1903,K,19,03,Pallet,Occupied,179,82,Medium,3,97,Group 4
K2003,K,20,03,Pallet,Occupied,179,129,Medium,3,50,Group 4
K2103,K,21,03,Pallet,Occupied,179,82,Medium,3,97,Group 4
K0904,K,09,04,Pallet,Occupied,149,128,Medium,3,21,Group 3
K1004,K,10,04,Pallet,Occupied,149,105,Medium,3,44,Group 3
K1204,K,12,04,Pallet,Occupied,149,86,Medium,3,63,Group 3
K1504,K,15,04,Pallet,Occupied,149,149,Medium,3,0,Group 3
K1604,K,16,04,Pallet,Occupied,149,149,Medium,3,0,Group 3
K1804,K,18,04,Pallet,Occupied,149,142,Medium,3,7,Group 3
K1904,K,19,04,Pallet,Occupied,149,92,Medium,3,57,Group 3
K2004,K,20,04,Pallet,Occupied,149,92,Medium,3,57,Group 3
K0005,K,00,05,Pallet,Occupied,154,53,Large,4,101,Group 4
K0105,K,01,05,Pallet,Occupied,154,53,Large,4,101,Group 4
K0305,K,03,05,Pallet,Occupied,154,117,Large,4,37,Group 4
K0505,K,05,05,Pallet,Occupied,154,95,Medium,3,59,Group 4
K0605,K,06,05,Pallet,Occupied,154,95,Medium,3,59,Group 4
K0705,K,07,05,Pallet,Occupied,154,95,Medium,3,59,Group 4
K0805,K,08,05,Pallet,Occupied,154,95,Medium,3,59,Group 4
K0905,K,09,05,Pallet,Occupied,154,99,Medium,3,55,Group 4
K1005,K,10,05,Pallet,Occupied,154,136,Medium,3,18,Group 4
K1105,K,11,05,Pallet,Occupied,154,136,Medium,3,18,Group 4
K1205,K,12,05,Pallet,Occupied,154,150,Medium,3,4,Group 4
K1405,K,14,05,Pallet,Occupied,154,61,Medium,3,93,Group 4
K1505,K,15,05,Pallet,Occupied,154,83,Medium,3,71,Group 4
K1605,K,16,05,Pallet,Occupied,154,83,Medium,3,71,Group 4
K1705,K,17,05,Pallet,Occupied,154,83,Medium,3,71,Group 4
K1805,K,18,05,Pallet,Occupied,154,96,Medium,3,58,Group 4
K0002a,K,00,2a,Legbord,Occupied,69,72,Large,4,-3,Group 1
K0102a,K,01,2a,Legbord,Occupied,69,72,Large,4,-3,Group 1
K0202a,K,02,2a,Legbord,Occupied,69,72,Large,4,-3,Group 1
K0302a,K,03,2a,Legbord,Occupied,69,67,Large,4,2,Group 1
K0802a,K,08,2a,Legbord,Occupied,69,39,Medium,3,30,Group 1
K1002a,K,10,2a,Legbord,Occupied,69,69,Medium,3,0,Group 1
K1102a,K,11,2a,Legbord,Occupied,69,43,Medium,3,26,Group 1
K1202a,K,12,2a,Legbord,Occupied,69,60,Medium,3,9,Group 1
K1302a,K,13,2a,Legbord,Occupied,49,42,Medium,3,7,Group 1
K1402a,K,14,2a,Legbord,Occupied,49,31,Medium,3,18,Group 1
K1502a,K,15,2a,Legbord,Occupied,49,24,Medium,3,25,Group 1
K1602a,K,16,2a,Legbord,Occupied,49,29,Medium,3,20,Group 1
K1702a,K,17,2a,Legbord,Occupied,49,24,Medium,3,25,Group 1
K1802a,K,18,2a,Legbord,Occupied,49,20,Medium,3,29,Group 1
K0002b,K,00,2b,Legbord,Occupied,59,47,Large,4,12,Group 1
K0102b,K,01,2b,Legbord,Occupied,59,43,Large,4,16,Group 1
K0202b,K,02,2b,Legbord,Occupied,59,13,Large,4,46,Group 1
K0302b,K,03,2b,Legbord,Occupied,59,41,Large,4,18,Group 1
K0802b,K,08,2b,Legbord,Occupied,59,32,Medium,3,27,Group 1
K0902b,K,09,2b,Pallet,Occupied,59,27,Medium,3,32,Group 1
K1002b,K,10,2b,Legbord,Occupied,59,62,Medium,3,-3,Group 1
K1102b,K,11,2b,Legbord,Occupied,59,22,Medium,3,37,Group 1
K1202b,K,12,2b,Legbord,Occupied,59,66,Medium,3,-7,Group 1
K1302b,K,13,2b,Legbord,Occupied,59,27,Medium,3,32,Group 1
K1402b,K,14,2b,Legbord,Occupied,59,9,Medium,3,50,Group 1
K1502b,K,15,2b,Legbord,Occupied,59,47,Medium,3,12,Group 1
K1602b,K,16,2b,Legbord,Occupied,59,21,Medium,3,38,Group 1
K1702b,K,17,2b,Legbord,Occupied,59,45,Medium,3,14,Group 1
K1802b,K,18,2b,Legbord,Occupied,59,54,Medium,3,5,Group 1
